"","TownName","ratio","year"
"1","petersham",0,2010
"2","plainville",0,2010
"3","quincy",0,2010
"4","rockland",0,2010
"5","scituate",0,2010
"6","spencer",0,2010
"7","tyringham",0,2010
"8","otis",0,2010
"9","sheffield",0,2010
"10","northborough",0,2010
"11","westhampton",0,2010
"12","ware",0,2010
"13","wareham",0,2010
"14","washington",0,2010
"15","wenham",0,2010
"16","west boylston",0,2010
"17","west bridgewater",0,2010
"18","westford",0,2010
"19","whitman",0,2010
"20","williamsburg",0,2010
"21","yarmouth",0,2010
"22","west brookfield",0,2010
"23","winchester",0,2010
"24","beverly",0,2010
"25","billerica",0,2010
"26","boxford",0,2010
"27","boylston",0,2010
"28","adams",0,2010
"29","alford",0,2010
"30","amherst",0,2010
"31","ashburnham",0,2010
"32","ashby",0,2010
"33","auburn",0,2010
"34","avon",0,2010
"35","barre",0,2010
"36","belchertown",0,2010
"37","berlin",0,2010
"38","bernardston",0,2010
"39","blandford",0,2010
"40","bolton",0,2010
"41","bourne",0,2010
"42","boxborough",0,2010
"43","brockton",0,2010
"44","burlington",0,2010
"45","chatham",0,2010
"46","cheshire",0,2010
"47","chester",0,2010
"48","clarksburg",0,2010
"49","dartmouth",0,2010
"50","dennis",0,2010
"51","douglas",0,2010
"52","ashfield",0,2010
"53","acton",0,2010
"54","attleboro",0,2010
"55","barnstable",0,2010
"56","blackstone",0,2010
"57","boston",0,2010
"58","charlton",0,2010
"59","clinton",0,2010
"60","cummington",0,2010
"61","duxbury",0,2010
"62","eastham",0,2010
"63","essex",0,2010
"64","dunstable",0,2010
"65","everett",0,2010
"66","florida",0,2010
"67","granville",0,2010
"68","great barrington",0,2010
"69","hardwick",0,2010
"70","hubbardston",0,2010
"71","ipswich",0,2010
"72","leverett",0,2010
"73","mansfield",0,2010
"74","mashpee",0,2010
"75","middleborough",0,2010
"76","millville",0,2010
"77","nantucket",0,2010
"78","grafton",0,2010
"79","hawley",0,2010
"80","fitchburg",0,2010
"81","gloucester",0,2010
"82","gosnold",0,2010
"83","sutton",0,2010
"84","marion",0,2010
"85","mendon",0,2010
"86","holden",0,2010
"87","townsend",0,2010
"88","new ashford",0,2010
"89","newbury",0,2010
"90","norton",0,2010
"91","orleans",0,2010
"92","dedham",0,2010
"93","easthampton",0,2010
"94","erving",0,2010
"95","deerfield",0,2010
"96","dighton",0,2010
"97","brookfield",0,2010
"98","brookline",0,2010
"99","hadley",0,2010
"100","bridgewater",0,2010
"101","brimfield",0,2010
"102","dracut",0,2010
"103","colrain",0,2010
"104","dalton",0,2010
"105","east longmeadow",0,2010
"106","easton",0,2010
"107","edgartown",0,2010
"108","egremont",0,2010
"109","falmouth",0,2010
"110","franklin",0,2010
"111","foxborough",0,2010
"112","chilmark",0,2010
"113","framingham",0,2010
"114","abington",0,2010
"115","acushnet",0,2010
"116","agawam",0,2010
"117","amesbury",0,2010
"118","andover",0,2010
"119","arlington",0,2010
"120","ashland",0,2010
"121","athol",0,2010
"122","ayer",0,2010
"123","belmont",0,2010
"124","berkley",0,2010
"125","chicopee",0,2010
"126","conway",0,2010
"127","danvers",0,2010
"128","huntington",0,2010
"129","kingston",0,2010
"130","lanesborough",0,2010
"131","leicester",0,2010
"132","littleton",0,2010
"133","longmeadow",0,2010
"134","lunenburg",0,2010
"135","marlborough",0,2010
"136","marshfield",0,2010
"137","maynard",0,2010
"138","melrose",0,2010
"139","merrimac",0,2010
"140","millbury",0,2010
"141","montague",0,2010
"142","monterey",0,2010
"143","mount washington",0,2010
"144","buckland",0,2010
"145","cambridge",0,2010
"146","canton",0,2010
"147","carlisle",0,2010
"148","cohasset",0,2010
"149","concord",0,2010
"150","dover",0,2010
"151","dudley",0,2010
"152","east bridgewater",0,2010
"153","east brookfield",0,2010
"154","braintree",0,2010
"155","brewster",0,2010
"156","becket",0,2010
"157","bedford",0,2010
"158","bellingham",0,2010
"159","chelmsford",0,2010
"160","chelsea",0,2010
"161","chesterfield",0,2010
"162","hanson",0,2010
"163","harvard",0,2010
"164","harwich",0,2010
"165","hatfield",0,2010
"166","carver",0,2010
"167","charlemont",0,2010
"168","hampden",0,2010
"169","hancock",0,2010
"170","haverhill",0,2010
"171","heath",0,2010
"172","holbrook",0,2010
"173","hudson",0,2010
"174","holyoke",0,2010
"175","hopedale",0,2010
"176","hopkinton",0,2010
"177","milton",0,2010
"178","medway",0,2010
"179","lenox",0,2010
"180","leominster",0,2010
"181","lexington",0,2010
"182","leyden",0,2010
"183","lincoln",0,2010
"184","methuen",0,2010
"185","hinsdale",0,2010
"186","holland",0,2010
"187","holliston",0,2010
"188","hingham",0,2010
"189","natick",0,2010
"190","manchester",0,2010
"191","freetown",0,2010
"192","gardner",0,2010
"193","georgetown",0,2010
"194","gill",0,2010
"195","granby",0,2010
"196","greenfield",0,2010
"197","groton",0,2010
"198","groveland",0,2010
"199","monroe",0,2010
"200","monson",0,2010
"201","montgomery",0,2010
"202","nahant",0,2010
"203","lee",0,2010
"204","hanover",0,2010
"205","mattapoisett",0,2010
"206","medfield",0,2010
"207","medford",0,2010
"208","reading",0,2010
"209","new bedford",0,2010
"210","needham",0,2010
"211","new marlborough",0,2010
"212","lowell",0,2010
"213","halifax",0,2010
"214","hamilton",0,2010
"215","marblehead",0,2010
"216","fairhaven",0,2010
"217","fall river",0,2010
"218","aquinnah",0,2010
"219","goshen",0,2010
"220","hull",0,2010
"221","lakeville",0,2010
"222","lancaster",0,2010
"223","lawrence",0,2010
"224","ludlow",0,2010
"225","lynn",0,2010
"226","lynnfield",0,2010
"227","malden",0,2010
"228","tewksbury",0,2010
"229","shirley",0,2010
"230","shutesbury",0,2010
"231","somerset",0,2010
"232","somerville",0,2010
"233","provincetown",0,2010
"234","randolph",0,2010
"235","raynham",0,2010
"236","norwood",0,2010
"237","oak bluffs",0,2010
"238","west springfield",0,2010
"239","northampton",0,2010
"240","pembroke",0,2010
"241","pepperell",0,2010
"242","northfield",0,2010
"243","norwell",0,2010
"244","new salem",0,2010
"245","north adams",0,2010
"246","north attleboro",0,2010
"247","north brookfield",0,2010
"248","northbridge",0,2010
"249","oakham",0,2010
"250","oxford",0,2010
"251","palmer",0,2010
"252","paxton",0,2010
"253","pittsfield",0,2010
"254","plainfield",0,2010
"255","plymouth",0,2010
"256","plympton",0,2010
"257","rehoboth",0,2010
"258","richmond",0,2010
"259","rowley",0,2010
"260","royalston",0,2010
"261","rutland",0,2010
"262","seekonk",0,2010
"263","shrewsbury",0,2010
"264","southbridge",0,2010
"265","stockbridge",0,2010
"266","stoneham",0,2010
"267","stow",0,2010
"268","shelburne",0,2010
"269","sherborn",0,2010
"270","phillipston",0,2010
"271","new braintree",0,2010
"272","newburyport",0,2010
"273","uxbridge",0,2010
"274","newton",0,2010
"275","norfolk",0,2010
"276","north andover",0,2010
"277","rowe",0,2010
"278","russell",0,2010
"279","north reading",0,2010
"280","sterling",0,2010
"281","stoughton",0,2010
"282","sturbridge",0,2010
"283","sudbury",0,2010
"284","sunderland",0,2010
"285","swampscott",0,2010
"286","warwick",0,2010
"287","wellfleet",0,2010
"288","peru",0,2010
"289","middlefield",0,2010
"290","middleton",0,2010
"291","milford",0,2010
"292","millis",0,2010
"293","orange",0,2010
"294","peabody",0,2010
"295","pelham",0,2010
"296","princeton",0,2010
"297","sharon",0,2010
"298","southwick",0,2010
"299","springfield",0,2010
"300","revere",0,2010
"301","rochester",0,2010
"302","whately",0,2010
"303","williamstown",0,2010
"304","rockport",0,2010
"305","winchendon",0,2010
"306","windsor",0,2010
"307","worcester",0,2010
"308","wrentham",0,2010
"309","truro",0,2010
"310","tyngsborough",0,2010
"311","upton",0,2010
"312","wakefield",0,2010
"313","west tisbury",0,2010
"314","westfield",0,2010
"315","westminster",0,2010
"316","sandisfield",0,2010
"317","sandwich",0,2010
"318","saugus",0,2010
"319","savoy",0,2010
"320","weston",0,2010
"321","westwood",0,2010
"322","weymouth",0,2010
"323","swansea",0,2010
"324","taunton",0,2010
"325","west newbury",0,2010
"326","south hadley",0,2010
"327","southampton",0,2010
"328","southborough",0,2010
"329","templeton",0,2010
"330","tisbury",0,2010
"331","tolland",0,2010
"332","walpole",0,2010
"333","waltham",0,2010
"334","warren",0,2010
"335","watertown",0,2010
"336","wayland",0,2010
"337","webster",0,2010
"338","wellesley",0,2010
"339","wendell",0,2010
"340","topsfield",0,2010
"341","west stockbridge",0,2010
"342","westborough",0,2010
"343","westport",0,2010
"344","wales",0,2010
"345","salem",0,2010
"346","salisbury",0,2010
"347","wilbraham",0,2010
"348","wilmington",0,2010
"349","winthrop",0,2010
"350","woburn",0,2010
"351","worthington",0,2010
"352","petersham",0,2011
"353","plainville",0,2011
"354","quincy",0,2011
"355","rockland",0,2011
"356","scituate",0,2011
"357","spencer",0,2011
"358","tyringham",0,2011
"359","otis",0,2011
"360","sheffield",0,2011
"361","northborough",0,2011
"362","westhampton",0,2011
"363","ware",0,2011
"364","wareham",0,2011
"365","washington",0,2011
"366","wenham",0,2011
"367","west boylston",0,2011
"368","west bridgewater",0,2011
"369","westford",0,2011
"370","whitman",0,2011
"371","williamsburg",0,2011
"372","yarmouth",0,2011
"373","west brookfield",0,2011
"374","winchester",0,2011
"375","beverly",0,2011
"376","billerica",0,2011
"377","boxford",0,2011
"378","boylston",0,2011
"379","adams",0,2011
"380","alford",0,2011
"381","amherst",0,2011
"382","ashburnham",0,2011
"383","ashby",0,2011
"384","auburn",0,2011
"385","avon",0,2011
"386","barre",0,2011
"387","belchertown",0,2011
"388","berlin",0,2011
"389","bernardston",0,2011
"390","blandford",0,2011
"391","bolton",0,2011
"392","bourne",0,2011
"393","boxborough",0,2011
"394","brockton",0,2011
"395","burlington",0,2011
"396","chatham",0,2011
"397","cheshire",0,2011
"398","chester",0,2011
"399","clarksburg",0,2011
"400","dartmouth",0,2011
"401","dennis",0,2011
"402","douglas",0,2011
"403","ashfield",0,2011
"404","acton",0,2011
"405","attleboro",0,2011
"406","barnstable",0,2011
"407","blackstone",0,2011
"408","boston",0,2011
"409","charlton",0,2011
"410","clinton",0,2011
"411","cummington",0,2011
"412","duxbury",0,2011
"413","eastham",0,2011
"414","essex",0,2011
"415","dunstable",0,2011
"416","everett",0,2011
"417","florida",0,2011
"418","granville",0,2011
"419","great barrington",0,2011
"420","hardwick",0,2011
"421","hubbardston",0,2011
"422","ipswich",0,2011
"423","leverett",0,2011
"424","mansfield",0,2011
"425","mashpee",0,2011
"426","middleborough",0,2011
"427","millville",0,2011
"428","nantucket",0,2011
"429","grafton",0,2011
"430","hawley",0,2011
"431","fitchburg",0,2011
"432","gloucester",0,2011
"433","gosnold",0,2011
"434","sutton",0,2011
"435","marion",0,2011
"436","mendon",0,2011
"437","holden",0,2011
"438","townsend",0,2011
"439","new ashford",0,2011
"440","newbury",0,2011
"441","norton",0,2011
"442","orleans",0,2011
"443","dedham",0,2011
"444","easthampton",0,2011
"445","erving",0,2011
"446","deerfield",0,2011
"447","dighton",0,2011
"448","brookfield",0,2011
"449","brookline",0,2011
"450","hadley",0,2011
"451","bridgewater",0,2011
"452","brimfield",0,2011
"453","dracut",0,2011
"454","colrain",0,2011
"455","dalton",0,2011
"456","east longmeadow",0,2011
"457","easton",0,2011
"458","edgartown",0,2011
"459","egremont",0,2011
"460","falmouth",0,2011
"461","franklin",0,2011
"462","foxborough",0,2011
"463","chilmark",0,2011
"464","framingham",0,2011
"465","abington",0,2011
"466","acushnet",0,2011
"467","agawam",0,2011
"468","amesbury",0,2011
"469","andover",0,2011
"470","arlington",0,2011
"471","ashland",0,2011
"472","athol",0,2011
"473","ayer",0,2011
"474","belmont",0,2011
"475","berkley",0,2011
"476","chicopee",0,2011
"477","conway",0,2011
"478","danvers",0,2011
"479","huntington",0,2011
"480","kingston",0,2011
"481","lanesborough",0,2011
"482","leicester",0,2011
"483","littleton",0,2011
"484","longmeadow",0,2011
"485","lunenburg",0,2011
"486","marlborough",0,2011
"487","marshfield",0,2011
"488","maynard",0,2011
"489","melrose",0,2011
"490","merrimac",0,2011
"491","millbury",0,2011
"492","montague",0,2011
"493","monterey",0,2011
"494","mount washington",0,2011
"495","buckland",0,2011
"496","cambridge",0,2011
"497","canton",0,2011
"498","carlisle",0,2011
"499","cohasset",0,2011
"500","concord",0,2011
"501","dover",0,2011
"502","dudley",0,2011
"503","east bridgewater",0,2011
"504","east brookfield",0,2011
"505","braintree",0,2011
"506","brewster",0,2011
"507","becket",0,2011
"508","bedford",0,2011
"509","bellingham",0,2011
"510","chelmsford",0,2011
"511","chelsea",0,2011
"512","chesterfield",0,2011
"513","hanson",0,2011
"514","harvard",0,2011
"515","harwich",0,2011
"516","hatfield",0,2011
"517","carver",0,2011
"518","charlemont",0,2011
"519","hampden",0,2011
"520","hancock",0,2011
"521","haverhill",0,2011
"522","heath",0,2011
"523","holbrook",0,2011
"524","hudson",0,2011
"525","holyoke",0,2011
"526","hopedale",0,2011
"527","hopkinton",0,2011
"528","milton",0,2011
"529","medway",0,2011
"530","lenox",0,2011
"531","leominster",0,2011
"532","lexington",0,2011
"533","leyden",0,2011
"534","lincoln",0,2011
"535","methuen",0,2011
"536","hinsdale",0,2011
"537","holland",0,2011
"538","holliston",0,2011
"539","hingham",0,2011
"540","natick",0,2011
"541","manchester",0,2011
"542","freetown",0,2011
"543","gardner",0,2011
"544","georgetown",0,2011
"545","gill",0,2011
"546","granby",0,2011
"547","greenfield",0,2011
"548","groton",0,2011
"549","groveland",0,2011
"550","monroe",0,2011
"551","monson",0,2011
"552","montgomery",0,2011
"553","nahant",0,2011
"554","lee",0,2011
"555","hanover",0,2011
"556","mattapoisett",0,2011
"557","medfield",0,2011
"558","medford",0,2011
"559","reading",0,2011
"560","new bedford",0,2011
"561","needham",0,2011
"562","new marlborough",0,2011
"563","lowell",0,2011
"564","halifax",0,2011
"565","hamilton",0,2011
"566","marblehead",0,2011
"567","fairhaven",0,2011
"568","fall river",0,2011
"569","aquinnah",0,2011
"570","goshen",0,2011
"571","hull",0,2011
"572","lakeville",0,2011
"573","lancaster",0,2011
"574","lawrence",0,2011
"575","ludlow",0,2011
"576","lynn",0,2011
"577","lynnfield",0,2011
"578","malden",0,2011
"579","tewksbury",0,2011
"580","shirley",0,2011
"581","shutesbury",0,2011
"582","somerset",0,2011
"583","somerville",0,2011
"584","provincetown",0,2011
"585","randolph",0,2011
"586","raynham",0,2011
"587","norwood",0,2011
"588","oak bluffs",0,2011
"589","west springfield",0,2011
"590","northampton",0,2011
"591","pembroke",0,2011
"592","pepperell",0,2011
"593","northfield",0,2011
"594","norwell",0,2011
"595","new salem",0,2011
"596","north adams",0,2011
"597","north attleboro",0,2011
"598","north brookfield",0,2011
"599","northbridge",0,2011
"600","oakham",0,2011
"601","oxford",0,2011
"602","palmer",0,2011
"603","paxton",0,2011
"604","pittsfield",0,2011
"605","plainfield",0,2011
"606","plymouth",0,2011
"607","plympton",0,2011
"608","rehoboth",0,2011
"609","richmond",0,2011
"610","rowley",0,2011
"611","royalston",0,2011
"612","rutland",0,2011
"613","seekonk",0,2011
"614","shrewsbury",0,2011
"615","southbridge",0,2011
"616","stockbridge",0,2011
"617","stoneham",0,2011
"618","stow",0,2011
"619","shelburne",0,2011
"620","sherborn",0,2011
"621","phillipston",0,2011
"622","new braintree",0,2011
"623","newburyport",0,2011
"624","uxbridge",0,2011
"625","newton",0,2011
"626","norfolk",0,2011
"627","north andover",0,2011
"628","rowe",0,2011
"629","russell",0,2011
"630","north reading",0,2011
"631","sterling",0,2011
"632","stoughton",0,2011
"633","sturbridge",0,2011
"634","sudbury",0,2011
"635","sunderland",0,2011
"636","swampscott",0,2011
"637","warwick",0,2011
"638","wellfleet",0,2011
"639","peru",0,2011
"640","middlefield",0,2011
"641","middleton",0,2011
"642","milford",0,2011
"643","millis",0,2011
"644","orange",0,2011
"645","peabody",0,2011
"646","pelham",0,2011
"647","princeton",0,2011
"648","sharon",0,2011
"649","southwick",0,2011
"650","springfield",0,2011
"651","revere",0,2011
"652","rochester",0,2011
"653","whately",0,2011
"654","williamstown",0,2011
"655","rockport",0,2011
"656","winchendon",0,2011
"657","windsor",0,2011
"658","worcester",0,2011
"659","wrentham",0,2011
"660","truro",0,2011
"661","tyngsborough",0,2011
"662","upton",0,2011
"663","wakefield",0,2011
"664","west tisbury",0,2011
"665","westfield",0,2011
"666","westminster",0,2011
"667","sandisfield",0,2011
"668","sandwich",0,2011
"669","saugus",0,2011
"670","savoy",0,2011
"671","weston",0,2011
"672","westwood",0,2011
"673","weymouth",0,2011
"674","swansea",0,2011
"675","taunton",0,2011
"676","west newbury",0,2011
"677","south hadley",0,2011
"678","southampton",0,2011
"679","southborough",0,2011
"680","templeton",0,2011
"681","tisbury",0,2011
"682","tolland",0,2011
"683","walpole",0,2011
"684","waltham",0,2011
"685","warren",0,2011
"686","watertown",0,2011
"687","wayland",0,2011
"688","webster",0,2011
"689","wellesley",0,2011
"690","wendell",0,2011
"691","topsfield",0,2011
"692","west stockbridge",0,2011
"693","westborough",0,2011
"694","westport",0,2011
"695","wales",0,2011
"696","salem",0,2011
"697","salisbury",0,2011
"698","wilbraham",0,2011
"699","wilmington",0,2011
"700","winthrop",0,2011
"701","woburn",0,2011
"702","worthington",0,2011
"703","petersham",0,2012
"704","plainville",0,2012
"705","quincy",0,2012
"706","rockland",0,2012
"707","scituate",0,2012
"708","spencer",0,2012
"709","tyringham",0,2012
"710","otis",0,2012
"711","sheffield",0,2012
"712","northborough",0,2012
"713","westhampton",0,2012
"714","ware",0,2012
"715","wareham",0,2012
"716","washington",0,2012
"717","wenham",0,2012
"718","west boylston",0,2012
"719","west bridgewater",0,2012
"720","westford",0,2012
"721","whitman",0,2012
"722","williamsburg",0,2012
"723","yarmouth",0,2012
"724","west brookfield",0,2012
"725","winchester",0,2012
"726","beverly",0,2012
"727","billerica",0,2012
"728","boxford",0,2012
"729","boylston",0,2012
"730","adams",0,2012
"731","alford",0,2012
"732","amherst",0,2012
"733","ashburnham",0,2012
"734","ashby",0,2012
"735","auburn",0,2012
"736","avon",0,2012
"737","barre",0,2012
"738","belchertown",0,2012
"739","berlin",0,2012
"740","bernardston",0,2012
"741","blandford",0,2012
"742","bolton",0,2012
"743","bourne",0,2012
"744","boxborough",0,2012
"745","brockton",0,2012
"746","burlington",0,2012
"747","chatham",0,2012
"748","cheshire",0,2012
"749","chester",0,2012
"750","clarksburg",0,2012
"751","dartmouth",0,2012
"752","dennis",0,2012
"753","douglas",0,2012
"754","ashfield",0,2012
"755","acton",0,2012
"756","attleboro",0,2012
"757","barnstable",0,2012
"758","blackstone",0,2012
"759","boston",0,2012
"760","charlton",0,2012
"761","clinton",0,2012
"762","cummington",0,2012
"763","duxbury",0,2012
"764","eastham",0,2012
"765","essex",0,2012
"766","dunstable",0,2012
"767","everett",0,2012
"768","florida",0,2012
"769","granville",0,2012
"770","great barrington",0,2012
"771","hardwick",0,2012
"772","hubbardston",0,2012
"773","ipswich",0,2012
"774","leverett",0,2012
"775","mansfield",0,2012
"776","mashpee",0,2012
"777","middleborough",0,2012
"778","millville",0,2012
"779","nantucket",0,2012
"780","grafton",0,2012
"781","hawley",0,2012
"782","fitchburg",0,2012
"783","gloucester",0,2012
"784","gosnold",0,2012
"785","sutton",0,2012
"786","marion",0,2012
"787","mendon",0,2012
"788","holden",0,2012
"789","townsend",0,2012
"790","new ashford",0,2012
"791","newbury",0,2012
"792","norton",0,2012
"793","orleans",0,2012
"794","dedham",0,2012
"795","easthampton",0,2012
"796","erving",0,2012
"797","deerfield",0,2012
"798","dighton",0,2012
"799","brookfield",0,2012
"800","brookline",0,2012
"801","hadley",0,2012
"802","bridgewater",0,2012
"803","brimfield",0,2012
"804","dracut",0,2012
"805","colrain",0,2012
"806","dalton",0,2012
"807","east longmeadow",0,2012
"808","easton",0,2012
"809","edgartown",0,2012
"810","egremont",0,2012
"811","falmouth",0,2012
"812","franklin",0,2012
"813","foxborough",0,2012
"814","chilmark",0,2012
"815","framingham",0,2012
"816","abington",0,2012
"817","acushnet",0,2012
"818","agawam",0,2012
"819","amesbury",0,2012
"820","andover",0,2012
"821","arlington",0,2012
"822","ashland",0,2012
"823","athol",0,2012
"824","ayer",0,2012
"825","belmont",0,2012
"826","berkley",0,2012
"827","chicopee",0,2012
"828","conway",0,2012
"829","danvers",0,2012
"830","huntington",0,2012
"831","kingston",0,2012
"832","lanesborough",0,2012
"833","leicester",0,2012
"834","littleton",0,2012
"835","longmeadow",0,2012
"836","lunenburg",0,2012
"837","marlborough",0,2012
"838","marshfield",0,2012
"839","maynard",0,2012
"840","melrose",0,2012
"841","merrimac",0,2012
"842","millbury",0,2012
"843","montague",0,2012
"844","monterey",0,2012
"845","mount washington",0,2012
"846","buckland",0,2012
"847","cambridge",0,2012
"848","canton",0,2012
"849","carlisle",0,2012
"850","cohasset",0,2012
"851","concord",0,2012
"852","dover",0,2012
"853","dudley",0,2012
"854","east bridgewater",0,2012
"855","east brookfield",0,2012
"856","braintree",0,2012
"857","brewster",0,2012
"858","becket",0,2012
"859","bedford",0,2012
"860","bellingham",0,2012
"861","chelmsford",0,2012
"862","chelsea",0,2012
"863","chesterfield",0,2012
"864","hanson",0,2012
"865","harvard",0,2012
"866","harwich",0,2012
"867","hatfield",0,2012
"868","carver",0,2012
"869","charlemont",0,2012
"870","hampden",0,2012
"871","hancock",0,2012
"872","haverhill",0,2012
"873","heath",0,2012
"874","holbrook",0,2012
"875","hudson",0,2012
"876","holyoke",0,2012
"877","hopedale",0,2012
"878","hopkinton",0,2012
"879","milton",0,2012
"880","medway",0,2012
"881","lenox",0,2012
"882","leominster",0,2012
"883","lexington",0,2012
"884","leyden",0,2012
"885","lincoln",0,2012
"886","methuen",0,2012
"887","hinsdale",0,2012
"888","holland",0,2012
"889","holliston",0,2012
"890","hingham",0,2012
"891","natick",0,2012
"892","manchester",0,2012
"893","freetown",0,2012
"894","gardner",0,2012
"895","georgetown",0,2012
"896","gill",0,2012
"897","granby",0,2012
"898","greenfield",0,2012
"899","groton",0,2012
"900","groveland",0,2012
"901","monroe",0,2012
"902","monson",0,2012
"903","montgomery",0,2012
"904","nahant",0,2012
"905","lee",0,2012
"906","hanover",0,2012
"907","mattapoisett",0,2012
"908","medfield",0,2012
"909","medford",0,2012
"910","reading",0,2012
"911","new bedford",0,2012
"912","needham",0,2012
"913","new marlborough",0,2012
"914","lowell",0,2012
"915","halifax",0,2012
"916","hamilton",0,2012
"917","marblehead",0,2012
"918","fairhaven",0,2012
"919","fall river",0,2012
"920","aquinnah",0,2012
"921","goshen",0,2012
"922","hull",0,2012
"923","lakeville",0,2012
"924","lancaster",0,2012
"925","lawrence",0,2012
"926","ludlow",0,2012
"927","lynn",0,2012
"928","lynnfield",0,2012
"929","malden",0,2012
"930","tewksbury",0,2012
"931","shirley",0,2012
"932","shutesbury",0,2012
"933","somerset",0,2012
"934","somerville",0,2012
"935","provincetown",0,2012
"936","randolph",0,2012
"937","raynham",0,2012
"938","norwood",0,2012
"939","oak bluffs",0,2012
"940","west springfield",0,2012
"941","northampton",0,2012
"942","pembroke",0,2012
"943","pepperell",0,2012
"944","northfield",0,2012
"945","norwell",0,2012
"946","new salem",0,2012
"947","north adams",0,2012
"948","north attleboro",0,2012
"949","north brookfield",0,2012
"950","northbridge",0,2012
"951","oakham",0,2012
"952","oxford",0,2012
"953","palmer",0,2012
"954","paxton",0,2012
"955","pittsfield",0,2012
"956","plainfield",0,2012
"957","plymouth",0,2012
"958","plympton",0,2012
"959","rehoboth",0,2012
"960","richmond",0,2012
"961","rowley",0,2012
"962","royalston",0,2012
"963","rutland",0,2012
"964","seekonk",0,2012
"965","shrewsbury",0,2012
"966","southbridge",0,2012
"967","stockbridge",0,2012
"968","stoneham",0,2012
"969","stow",0,2012
"970","shelburne",0,2012
"971","sherborn",0,2012
"972","phillipston",0,2012
"973","new braintree",0,2012
"974","newburyport",0,2012
"975","uxbridge",0,2012
"976","newton",0,2012
"977","norfolk",0,2012
"978","north andover",0,2012
"979","rowe",0,2012
"980","russell",0,2012
"981","north reading",0,2012
"982","sterling",0,2012
"983","stoughton",0,2012
"984","sturbridge",0,2012
"985","sudbury",0,2012
"986","sunderland",0,2012
"987","swampscott",0,2012
"988","warwick",0,2012
"989","wellfleet",0,2012
"990","peru",0,2012
"991","middlefield",0,2012
"992","middleton",0,2012
"993","milford",0,2012
"994","millis",0,2012
"995","orange",0,2012
"996","peabody",0,2012
"997","pelham",0,2012
"998","princeton",0,2012
"999","sharon",0,2012
"1000","southwick",0,2012
"1001","springfield",0,2012
"1002","revere",0,2012
"1003","rochester",0,2012
"1004","whately",0,2012
"1005","williamstown",0,2012
"1006","rockport",0,2012
"1007","winchendon",0,2012
"1008","windsor",0,2012
"1009","worcester",0,2012
"1010","wrentham",0,2012
"1011","truro",0,2012
"1012","tyngsborough",0,2012
"1013","upton",0,2012
"1014","wakefield",0,2012
"1015","west tisbury",0,2012
"1016","westfield",0,2012
"1017","westminster",0,2012
"1018","sandisfield",0,2012
"1019","sandwich",0,2012
"1020","saugus",0,2012
"1021","savoy",0,2012
"1022","weston",0,2012
"1023","westwood",0,2012
"1024","weymouth",0,2012
"1025","swansea",0,2012
"1026","taunton",0,2012
"1027","west newbury",0,2012
"1028","south hadley",0,2012
"1029","southampton",0,2012
"1030","southborough",0,2012
"1031","templeton",0,2012
"1032","tisbury",0,2012
"1033","tolland",0,2012
"1034","walpole",0,2012
"1035","waltham",0,2012
"1036","warren",0,2012
"1037","watertown",0,2012
"1038","wayland",0,2012
"1039","webster",0,2012
"1040","wellesley",0,2012
"1041","wendell",0,2012
"1042","topsfield",0,2012
"1043","west stockbridge",0,2012
"1044","westborough",0,2012
"1045","westport",0,2012
"1046","wales",0,2012
"1047","salem",0,2012
"1048","salisbury",0,2012
"1049","wilbraham",0,2012
"1050","wilmington",0,2012
"1051","winthrop",0,2012
"1052","woburn",0,2012
"1053","worthington",0,2012
"1054","petersham",0,2013
"1055","plainville",0,2013
"1056","quincy",0,2013
"1057","rockland",0,2013
"1058","scituate",0,2013
"1059","spencer",0,2013
"1060","tyringham",0,2013
"1061","otis",0,2013
"1062","sheffield",0,2013
"1063","northborough",0,2013
"1064","westhampton",0,2013
"1065","ware",0,2013
"1066","wareham",0,2013
"1067","washington",0,2013
"1068","wenham",0,2013
"1069","west boylston",0,2013
"1070","west bridgewater",0,2013
"1071","westford",0,2013
"1072","whitman",0,2013
"1073","williamsburg",0,2013
"1074","yarmouth",0,2013
"1075","west brookfield",0,2013
"1076","winchester",0,2013
"1077","beverly",0,2013
"1078","billerica",0,2013
"1079","boxford",0,2013
"1080","boylston",0,2013
"1081","adams",0,2013
"1082","alford",0,2013
"1083","amherst",0,2013
"1084","ashburnham",0,2013
"1085","ashby",0,2013
"1086","auburn",0,2013
"1087","avon",0,2013
"1088","barre",0,2013
"1089","belchertown",0,2013
"1090","berlin",0,2013
"1091","bernardston",0,2013
"1092","blandford",0,2013
"1093","bolton",0,2013
"1094","bourne",0,2013
"1095","boxborough",0,2013
"1096","brockton",0,2013
"1097","burlington",0,2013
"1098","chatham",0,2013
"1099","cheshire",0,2013
"1100","chester",0,2013
"1101","clarksburg",0,2013
"1102","dartmouth",0,2013
"1103","dennis",0,2013
"1104","douglas",0,2013
"1105","ashfield",0,2013
"1106","acton",0,2013
"1107","attleboro",0,2013
"1108","barnstable",0,2013
"1109","blackstone",0,2013
"1110","boston",0,2013
"1111","charlton",0,2013
"1112","clinton",0,2013
"1113","cummington",0,2013
"1114","duxbury",0,2013
"1115","eastham",0,2013
"1116","essex",0,2013
"1117","dunstable",0,2013
"1118","everett",0,2013
"1119","florida",0,2013
"1120","granville",0,2013
"1121","great barrington",0,2013
"1122","hardwick",0,2013
"1123","hubbardston",0,2013
"1124","ipswich",0,2013
"1125","leverett",0,2013
"1126","mansfield",0,2013
"1127","mashpee",0,2013
"1128","middleborough",0,2013
"1129","millville",0,2013
"1130","nantucket",0,2013
"1131","grafton",0,2013
"1132","hawley",0,2013
"1133","fitchburg",0,2013
"1134","gloucester",0,2013
"1135","gosnold",0,2013
"1136","sutton",0,2013
"1137","marion",0,2013
"1138","mendon",0,2013
"1139","holden",0,2013
"1140","townsend",0,2013
"1141","new ashford",0,2013
"1142","newbury",0,2013
"1143","norton",0,2013
"1144","orleans",0,2013
"1145","dedham",0,2013
"1146","easthampton",0,2013
"1147","erving",0,2013
"1148","deerfield",0,2013
"1149","dighton",0,2013
"1150","brookfield",0,2013
"1151","brookline",0,2013
"1152","hadley",0,2013
"1153","bridgewater",0,2013
"1154","brimfield",0,2013
"1155","dracut",0,2013
"1156","colrain",0,2013
"1157","dalton",0,2013
"1158","east longmeadow",0,2013
"1159","easton",0,2013
"1160","edgartown",0,2013
"1161","egremont",0,2013
"1162","falmouth",0,2013
"1163","franklin",0,2013
"1164","foxborough",0,2013
"1165","chilmark",0,2013
"1166","framingham",0,2013
"1167","abington",0,2013
"1168","acushnet",0,2013
"1169","agawam",0,2013
"1170","amesbury",0,2013
"1171","andover",0,2013
"1172","arlington",0,2013
"1173","ashland",0,2013
"1174","athol",0,2013
"1175","ayer",0,2013
"1176","belmont",0,2013
"1177","berkley",0,2013
"1178","chicopee",0,2013
"1179","conway",0,2013
"1180","danvers",0,2013
"1181","huntington",0,2013
"1182","kingston",0,2013
"1183","lanesborough",0,2013
"1184","leicester",0,2013
"1185","littleton",0,2013
"1186","longmeadow",0,2013
"1187","lunenburg",0,2013
"1188","marlborough",0,2013
"1189","marshfield",0,2013
"1190","maynard",0,2013
"1191","melrose",0,2013
"1192","merrimac",0,2013
"1193","millbury",0,2013
"1194","montague",0,2013
"1195","monterey",0,2013
"1196","mount washington",0,2013
"1197","buckland",0,2013
"1198","cambridge",0,2013
"1199","canton",0,2013
"1200","carlisle",0,2013
"1201","cohasset",0,2013
"1202","concord",0,2013
"1203","dover",0,2013
"1204","dudley",0,2013
"1205","east bridgewater",0,2013
"1206","east brookfield",0,2013
"1207","braintree",0,2013
"1208","brewster",0,2013
"1209","becket",0,2013
"1210","bedford",0,2013
"1211","bellingham",0,2013
"1212","chelmsford",0,2013
"1213","chelsea",0,2013
"1214","chesterfield",0,2013
"1215","hanson",0,2013
"1216","harvard",0,2013
"1217","harwich",0,2013
"1218","hatfield",0,2013
"1219","carver",0,2013
"1220","charlemont",0,2013
"1221","hampden",0,2013
"1222","hancock",0,2013
"1223","haverhill",0,2013
"1224","heath",0,2013
"1225","holbrook",0,2013
"1226","hudson",0,2013
"1227","holyoke",0,2013
"1228","hopedale",0,2013
"1229","hopkinton",0,2013
"1230","milton",0,2013
"1231","medway",0,2013
"1232","lenox",0,2013
"1233","leominster",0,2013
"1234","lexington",0,2013
"1235","leyden",0,2013
"1236","lincoln",0,2013
"1237","methuen",0,2013
"1238","hinsdale",0,2013
"1239","holland",0,2013
"1240","holliston",0,2013
"1241","hingham",0,2013
"1242","natick",0,2013
"1243","manchester",0,2013
"1244","freetown",0,2013
"1245","gardner",0,2013
"1246","georgetown",0,2013
"1247","gill",0,2013
"1248","granby",0,2013
"1249","greenfield",0,2013
"1250","groton",0,2013
"1251","groveland",0,2013
"1252","monroe",0,2013
"1253","monson",0,2013
"1254","montgomery",0,2013
"1255","nahant",0,2013
"1256","lee",0,2013
"1257","hanover",0,2013
"1258","mattapoisett",0,2013
"1259","medfield",0,2013
"1260","medford",0,2013
"1261","reading",0,2013
"1262","new bedford",0,2013
"1263","needham",0,2013
"1264","new marlborough",0,2013
"1265","lowell",0,2013
"1266","halifax",0,2013
"1267","hamilton",0,2013
"1268","marblehead",0,2013
"1269","fairhaven",0,2013
"1270","fall river",0,2013
"1271","aquinnah",0,2013
"1272","goshen",0,2013
"1273","hull",0,2013
"1274","lakeville",0,2013
"1275","lancaster",0,2013
"1276","lawrence",0,2013
"1277","ludlow",0,2013
"1278","lynn",0,2013
"1279","lynnfield",0,2013
"1280","malden",0,2013
"1281","tewksbury",0,2013
"1282","shirley",0,2013
"1283","shutesbury",0,2013
"1284","somerset",0,2013
"1285","somerville",0,2013
"1286","provincetown",0,2013
"1287","randolph",0,2013
"1288","raynham",0,2013
"1289","norwood",0,2013
"1290","oak bluffs",0,2013
"1291","west springfield",0,2013
"1292","northampton",0,2013
"1293","pembroke",0,2013
"1294","pepperell",0,2013
"1295","northfield",0,2013
"1296","norwell",0,2013
"1297","new salem",0,2013
"1298","north adams",0,2013
"1299","north attleboro",0,2013
"1300","north brookfield",0,2013
"1301","northbridge",0,2013
"1302","oakham",0,2013
"1303","oxford",0,2013
"1304","palmer",0,2013
"1305","paxton",0,2013
"1306","pittsfield",0,2013
"1307","plainfield",0,2013
"1308","plymouth",0,2013
"1309","plympton",0,2013
"1310","rehoboth",0,2013
"1311","richmond",0,2013
"1312","rowley",0,2013
"1313","royalston",0,2013
"1314","rutland",0,2013
"1315","seekonk",0,2013
"1316","shrewsbury",0,2013
"1317","southbridge",0,2013
"1318","stockbridge",0,2013
"1319","stoneham",0,2013
"1320","stow",0,2013
"1321","shelburne",0,2013
"1322","sherborn",0,2013
"1323","phillipston",0,2013
"1324","new braintree",0,2013
"1325","newburyport",0,2013
"1326","uxbridge",0,2013
"1327","newton",0,2013
"1328","norfolk",0,2013
"1329","north andover",0,2013
"1330","rowe",0,2013
"1331","russell",0,2013
"1332","north reading",0,2013
"1333","sterling",0,2013
"1334","stoughton",0,2013
"1335","sturbridge",0,2013
"1336","sudbury",0,2013
"1337","sunderland",0,2013
"1338","swampscott",0,2013
"1339","warwick",0,2013
"1340","wellfleet",0,2013
"1341","peru",0,2013
"1342","middlefield",0,2013
"1343","middleton",0,2013
"1344","milford",0,2013
"1345","millis",0,2013
"1346","orange",0,2013
"1347","peabody",0,2013
"1348","pelham",0,2013
"1349","princeton",0,2013
"1350","sharon",0,2013
"1351","southwick",0,2013
"1352","springfield",0,2013
"1353","revere",0,2013
"1354","rochester",0,2013
"1355","whately",0,2013
"1356","williamstown",0,2013
"1357","rockport",0,2013
"1358","winchendon",0,2013
"1359","windsor",0,2013
"1360","worcester",0,2013
"1361","wrentham",0,2013
"1362","truro",0,2013
"1363","tyngsborough",0,2013
"1364","upton",0,2013
"1365","wakefield",0,2013
"1366","west tisbury",0,2013
"1367","westfield",0,2013
"1368","westminster",0,2013
"1369","sandisfield",0,2013
"1370","sandwich",0,2013
"1371","saugus",0,2013
"1372","savoy",0,2013
"1373","weston",0,2013
"1374","westwood",0,2013
"1375","weymouth",0,2013
"1376","swansea",0,2013
"1377","taunton",0,2013
"1378","west newbury",0,2013
"1379","south hadley",0,2013
"1380","southampton",0,2013
"1381","southborough",0,2013
"1382","templeton",0,2013
"1383","tisbury",0,2013
"1384","tolland",0,2013
"1385","walpole",0,2013
"1386","waltham",0,2013
"1387","warren",0,2013
"1388","watertown",0,2013
"1389","wayland",0,2013
"1390","webster",0,2013
"1391","wellesley",0,2013
"1392","wendell",0,2013
"1393","topsfield",0,2013
"1394","west stockbridge",0,2013
"1395","westborough",0,2013
"1396","westport",0,2013
"1397","wales",0,2013
"1398","salem",0,2013
"1399","salisbury",0,2013
"1400","wilbraham",0,2013
"1401","wilmington",0,2013
"1402","winthrop",0,2013
"1403","woburn",0,2013
"1404","worthington",0,2013
"1405","petersham",0,2014
"1406","plainville",0,2014
"1407","quincy",0,2014
"1408","rockland",0,2014
"1409","scituate",0,2014
"1410","spencer",0,2014
"1411","tyringham",0,2014
"1412","otis",0,2014
"1413","sheffield",0,2014
"1414","northborough",0,2014
"1415","westhampton",0,2014
"1416","ware",0,2014
"1417","wareham",0,2014
"1418","washington",0,2014
"1419","wenham",0,2014
"1420","west boylston",0,2014
"1421","west bridgewater",0,2014
"1422","westford",0,2014
"1423","whitman",0,2014
"1424","williamsburg",0,2014
"1425","yarmouth",0,2014
"1426","west brookfield",0,2014
"1427","winchester",0,2014
"1428","beverly",0,2014
"1429","billerica",0,2014
"1430","boxford",0,2014
"1431","boylston",0,2014
"1432","adams",0,2014
"1433","alford",0,2014
"1434","amherst",0,2014
"1435","ashburnham",0,2014
"1436","ashby",0,2014
"1437","auburn",0,2014
"1438","avon",0,2014
"1439","barre",0,2014
"1440","belchertown",0,2014
"1441","berlin",0,2014
"1442","bernardston",0,2014
"1443","blandford",0,2014
"1444","bolton",0,2014
"1445","bourne",0,2014
"1446","boxborough",0,2014
"1447","brockton",0,2014
"1448","burlington",0,2014
"1449","chatham",0,2014
"1450","cheshire",0,2014
"1451","chester",0,2014
"1452","clarksburg",0,2014
"1453","dartmouth",0,2014
"1454","dennis",0,2014
"1455","douglas",0,2014
"1456","ashfield",0,2014
"1457","acton",0,2014
"1458","attleboro",0,2014
"1459","barnstable",0,2014
"1460","blackstone",0,2014
"1461","boston",0,2014
"1462","charlton",0,2014
"1463","clinton",0,2014
"1464","cummington",0,2014
"1465","duxbury",0,2014
"1466","eastham",0,2014
"1467","essex",0,2014
"1468","dunstable",0,2014
"1469","everett",0,2014
"1470","florida",0,2014
"1471","granville",0,2014
"1472","great barrington",0,2014
"1473","hardwick",0,2014
"1474","hubbardston",0,2014
"1475","ipswich",0,2014
"1476","leverett",0,2014
"1477","mansfield",0.142857142857143,2014
"1478","mashpee",0,2014
"1479","middleborough",0,2014
"1480","millville",0,2014
"1481","nantucket",0,2014
"1482","grafton",0,2014
"1483","hawley",0,2014
"1484","fitchburg",0,2014
"1485","gloucester",0,2014
"1486","gosnold",0,2014
"1487","sutton",0,2014
"1488","marion",0,2014
"1489","mendon",0,2014
"1490","holden",0,2014
"1491","townsend",0,2014
"1492","new ashford",0,2014
"1493","newbury",0,2014
"1494","norton",0,2014
"1495","orleans",0,2014
"1496","dedham",0,2014
"1497","easthampton",0,2014
"1498","erving",0,2014
"1499","deerfield",0,2014
"1500","dighton",0,2014
"1501","brookfield",0,2014
"1502","brookline",0,2014
"1503","hadley",0,2014
"1504","bridgewater",0,2014
"1505","brimfield",0,2014
"1506","dracut",0,2014
"1507","colrain",0,2014
"1508","dalton",0,2014
"1509","east longmeadow",0,2014
"1510","easton",0.125,2014
"1511","edgartown",0,2014
"1512","egremont",0,2014
"1513","falmouth",0,2014
"1514","franklin",0,2014
"1515","foxborough",0.142857142857143,2014
"1516","chilmark",0,2014
"1517","framingham",0,2014
"1518","abington",0,2014
"1519","acushnet",0,2014
"1520","agawam",0,2014
"1521","amesbury",0,2014
"1522","andover",0,2014
"1523","arlington",0,2014
"1524","ashland",0,2014
"1525","athol",0,2014
"1526","ayer",0,2014
"1527","belmont",0,2014
"1528","berkley",0,2014
"1529","chicopee",0,2014
"1530","conway",0,2014
"1531","danvers",0,2014
"1532","huntington",0,2014
"1533","kingston",0,2014
"1534","lanesborough",0,2014
"1535","leicester",0,2014
"1536","littleton",0,2014
"1537","longmeadow",0,2014
"1538","lunenburg",0,2014
"1539","marlborough",0,2014
"1540","marshfield",0,2014
"1541","maynard",0,2014
"1542","melrose",0,2014
"1543","merrimac",0,2014
"1544","millbury",0,2014
"1545","montague",0,2014
"1546","monterey",0,2014
"1547","mount washington",0,2014
"1548","buckland",0,2014
"1549","cambridge",0,2014
"1550","canton",0.125,2014
"1551","carlisle",0,2014
"1552","cohasset",0,2014
"1553","concord",0,2014
"1554","dover",0,2014
"1555","dudley",0,2014
"1556","east bridgewater",0,2014
"1557","east brookfield",0,2014
"1558","braintree",0,2014
"1559","brewster",0,2014
"1560","becket",0,2014
"1561","bedford",0,2014
"1562","bellingham",0,2014
"1563","chelmsford",0,2014
"1564","chelsea",0,2014
"1565","chesterfield",0,2014
"1566","hanson",0,2014
"1567","harvard",0,2014
"1568","harwich",0,2014
"1569","hatfield",0,2014
"1570","carver",0,2014
"1571","charlemont",0,2014
"1572","hampden",0,2014
"1573","hancock",0,2014
"1574","haverhill",0,2014
"1575","heath",0,2014
"1576","holbrook",0,2014
"1577","hudson",0,2014
"1578","holyoke",0,2014
"1579","hopedale",0,2014
"1580","hopkinton",0,2014
"1581","milton",0,2014
"1582","medway",0,2014
"1583","lenox",0,2014
"1584","leominster",0,2014
"1585","lexington",0,2014
"1586","leyden",0,2014
"1587","lincoln",0,2014
"1588","methuen",0,2014
"1589","hinsdale",0,2014
"1590","holland",0,2014
"1591","holliston",0,2014
"1592","hingham",0,2014
"1593","natick",0,2014
"1594","manchester",0,2014
"1595","freetown",0,2014
"1596","gardner",0,2014
"1597","georgetown",0,2014
"1598","gill",0,2014
"1599","granby",0,2014
"1600","greenfield",0,2014
"1601","groton",0,2014
"1602","groveland",0,2014
"1603","monroe",0,2014
"1604","monson",0,2014
"1605","montgomery",0,2014
"1606","nahant",0,2014
"1607","lee",0,2014
"1608","hanover",0,2014
"1609","mattapoisett",0,2014
"1610","medfield",0,2014
"1611","medford",0,2014
"1612","reading",0,2014
"1613","new bedford",0,2014
"1614","needham",0,2014
"1615","new marlborough",0,2014
"1616","lowell",0,2014
"1617","halifax",0,2014
"1618","hamilton",0,2014
"1619","marblehead",0,2014
"1620","fairhaven",0,2014
"1621","fall river",0,2014
"1622","aquinnah",0,2014
"1623","goshen",0,2014
"1624","hull",0,2014
"1625","lakeville",0,2014
"1626","lancaster",0,2014
"1627","lawrence",0,2014
"1628","ludlow",0,2014
"1629","lynn",0,2014
"1630","lynnfield",0,2014
"1631","malden",0,2014
"1632","tewksbury",0,2014
"1633","shirley",0,2014
"1634","shutesbury",0,2014
"1635","somerset",0,2014
"1636","somerville",0,2014
"1637","provincetown",0,2014
"1638","randolph",0,2014
"1639","raynham",0,2014
"1640","norwood",0.25,2014
"1641","oak bluffs",0,2014
"1642","west springfield",0,2014
"1643","northampton",0,2014
"1644","pembroke",0,2014
"1645","pepperell",0,2014
"1646","northfield",0,2014
"1647","norwell",0,2014
"1648","new salem",0,2014
"1649","north adams",0,2014
"1650","north attleboro",0,2014
"1651","north brookfield",0,2014
"1652","northbridge",0,2014
"1653","oakham",0,2014
"1654","oxford",0,2014
"1655","palmer",0,2014
"1656","paxton",0,2014
"1657","pittsfield",0,2014
"1658","plainfield",0,2014
"1659","plymouth",0,2014
"1660","plympton",0,2014
"1661","rehoboth",0,2014
"1662","richmond",0,2014
"1663","rowley",0,2014
"1664","royalston",0,2014
"1665","rutland",0,2014
"1666","seekonk",0,2014
"1667","shrewsbury",0,2014
"1668","southbridge",0,2014
"1669","stockbridge",0,2014
"1670","stoneham",0,2014
"1671","stow",0,2014
"1672","shelburne",0,2014
"1673","sherborn",0,2014
"1674","phillipston",0,2014
"1675","new braintree",0,2014
"1676","newburyport",0,2014
"1677","uxbridge",0,2014
"1678","newton",0,2014
"1679","norfolk",0,2014
"1680","north andover",0,2014
"1681","rowe",0,2014
"1682","russell",0,2014
"1683","north reading",0,2014
"1684","sterling",0,2014
"1685","stoughton",0.166666666666667,2014
"1686","sturbridge",0,2014
"1687","sudbury",0,2014
"1688","sunderland",0,2014
"1689","swampscott",0,2014
"1690","warwick",0,2014
"1691","wellfleet",0,2014
"1692","peru",0,2014
"1693","middlefield",0,2014
"1694","middleton",0,2014
"1695","milford",0,2014
"1696","millis",0,2014
"1697","orange",0,2014
"1698","peabody",0,2014
"1699","pelham",0,2014
"1700","princeton",0,2014
"1701","sharon",0,2014
"1702","southwick",0,2014
"1703","springfield",0,2014
"1704","revere",0,2014
"1705","rochester",0,2014
"1706","whately",0,2014
"1707","williamstown",0,2014
"1708","rockport",0,2014
"1709","winchendon",0,2014
"1710","windsor",0,2014
"1711","worcester",0,2014
"1712","wrentham",0,2014
"1713","truro",0,2014
"1714","tyngsborough",0,2014
"1715","upton",0,2014
"1716","wakefield",0,2014
"1717","west tisbury",0,2014
"1718","westfield",0,2014
"1719","westminster",0,2014
"1720","sandisfield",0,2014
"1721","sandwich",0,2014
"1722","saugus",0,2014
"1723","savoy",0,2014
"1724","weston",0,2014
"1725","westwood",0,2014
"1726","weymouth",0,2014
"1727","swansea",0,2014
"1728","taunton",0,2014
"1729","west newbury",0,2014
"1730","south hadley",0,2014
"1731","southampton",0,2014
"1732","southborough",0,2014
"1733","templeton",0,2014
"1734","tisbury",0,2014
"1735","tolland",0,2014
"1736","walpole",0.142857142857143,2014
"1737","waltham",0,2014
"1738","warren",0,2014
"1739","watertown",0,2014
"1740","wayland",0,2014
"1741","webster",0,2014
"1742","wellesley",0,2014
"1743","wendell",0,2014
"1744","topsfield",0,2014
"1745","west stockbridge",0,2014
"1746","westborough",0,2014
"1747","westport",0,2014
"1748","wales",0,2014
"1749","salem",0,2014
"1750","salisbury",0,2014
"1751","wilbraham",0,2014
"1752","wilmington",0,2014
"1753","winthrop",0,2014
"1754","woburn",0,2014
"1755","worthington",0,2014
"1756","petersham",0,2015
"1757","plainville",0.25,2015
"1758","quincy",0.25,2015
"1759","rockland",0,2015
"1760","scituate",0,2015
"1761","spencer",0,2015
"1762","tyringham",0,2015
"1763","otis",0,2015
"1764","sheffield",0,2015
"1765","northborough",0,2015
"1766","westhampton",0,2015
"1767","ware",0,2015
"1768","wareham",0,2015
"1769","washington",0,2015
"1770","wenham",0,2015
"1771","west boylston",0,2015
"1772","west bridgewater",0,2015
"1773","westford",0,2015
"1774","whitman",0,2015
"1775","williamsburg",0,2015
"1776","yarmouth",0,2015
"1777","west brookfield",0,2015
"1778","winchester",0.2,2015
"1779","beverly",0,2015
"1780","billerica",0,2015
"1781","boxford",0,2015
"1782","boylston",0,2015
"1783","adams",0,2015
"1784","alford",0,2015
"1785","amherst",0,2015
"1786","ashburnham",0,2015
"1787","ashby",0,2015
"1788","auburn",0,2015
"1789","avon",0,2015
"1790","barre",0,2015
"1791","belchertown",0,2015
"1792","berlin",0.166666666666667,2015
"1793","bernardston",0,2015
"1794","blandford",0,2015
"1795","bolton",0.166666666666667,2015
"1796","bourne",0,2015
"1797","boxborough",0,2015
"1798","brockton",0,2015
"1799","burlington",0,2015
"1800","chatham",0,2015
"1801","cheshire",0,2015
"1802","chester",0,2015
"1803","clarksburg",0,2015
"1804","dartmouth",0,2015
"1805","dennis",0.333333333333333,2015
"1806","douglas",0,2015
"1807","ashfield",0,2015
"1808","acton",0.25,2015
"1809","attleboro",0,2015
"1810","barnstable",0.333333333333333,2015
"1811","blackstone",0,2015
"1812","boston",0.272727272727273,2015
"1813","charlton",0,2015
"1814","clinton",0,2015
"1815","cummington",0,2015
"1816","duxbury",0,2015
"1817","eastham",0,2015
"1818","essex",0,2015
"1819","dunstable",0,2015
"1820","everett",0,2015
"1821","florida",0,2015
"1822","granville",0,2015
"1823","great barrington",0,2015
"1824","hardwick",0,2015
"1825","hubbardston",0,2015
"1826","ipswich",0,2015
"1827","leverett",0,2015
"1828","mansfield",0.285714285714286,2015
"1829","mashpee",0,2015
"1830","middleborough",0,2015
"1831","millville",0,2015
"1832","nantucket",0,2015
"1833","grafton",0,2015
"1834","hawley",0,2015
"1835","fitchburg",0,2015
"1836","gloucester",0,2015
"1837","gosnold",0,2015
"1838","sutton",0,2015
"1839","marion",0,2015
"1840","mendon",0,2015
"1841","holden",0,2015
"1842","townsend",0,2015
"1843","new ashford",0,2015
"1844","newbury",0,2015
"1845","norton",0,2015
"1846","orleans",0,2015
"1847","dedham",0.4,2015
"1848","easthampton",0,2015
"1849","erving",0,2015
"1850","deerfield",0,2015
"1851","dighton",0,2015
"1852","brookfield",0.166666666666667,2015
"1853","brookline",0.5,2015
"1854","hadley",0,2015
"1855","bridgewater",0,2015
"1856","brimfield",0,2015
"1857","dracut",0,2015
"1858","colrain",0,2015
"1859","dalton",0,2015
"1860","east longmeadow",0,2015
"1861","easton",0.125,2015
"1862","edgartown",0,2015
"1863","egremont",0,2015
"1864","falmouth",0,2015
"1865","franklin",0.25,2015
"1866","foxborough",0.142857142857143,2015
"1867","chilmark",0,2015
"1868","framingham",0.142857142857143,2015
"1869","abington",0,2015
"1870","acushnet",0,2015
"1871","agawam",0,2015
"1872","amesbury",0,2015
"1873","andover",0,2015
"1874","arlington",0.166666666666667,2015
"1875","ashland",0.2,2015
"1876","athol",0,2015
"1877","ayer",0,2015
"1878","belmont",0,2015
"1879","berkley",0,2015
"1880","chicopee",0,2015
"1881","conway",0,2015
"1882","danvers",0,2015
"1883","huntington",0,2015
"1884","kingston",0,2015
"1885","lanesborough",0,2015
"1886","leicester",0,2015
"1887","littleton",0.166666666666667,2015
"1888","longmeadow",0,2015
"1889","lunenburg",0,2015
"1890","marlborough",0.166666666666667,2015
"1891","marshfield",0.25,2015
"1892","maynard",0.25,2015
"1893","melrose",0.4,2015
"1894","merrimac",0,2015
"1895","millbury",0,2015
"1896","montague",0,2015
"1897","monterey",0,2015
"1898","mount washington",0,2015
"1899","buckland",0,2015
"1900","cambridge",0,2015
"1901","canton",0.5,2015
"1902","carlisle",0.333333333333333,2015
"1903","cohasset",0.333333333333333,2015
"1904","concord",0,2015
"1905","dover",0.428571428571429,2015
"1906","dudley",0,2015
"1907","east bridgewater",0,2015
"1908","east brookfield",0,2015
"1909","braintree",0,2015
"1910","brewster",0,2015
"1911","becket",0,2015
"1912","bedford",0.166666666666667,2015
"1913","bellingham",0.142857142857143,2015
"1914","chelmsford",0.2,2015
"1915","chelsea",0,2015
"1916","chesterfield",0,2015
"1917","hanson",0,2015
"1918","harvard",0,2015
"1919","harwich",0,2015
"1920","hatfield",0,2015
"1921","carver",0,2015
"1922","charlemont",0,2015
"1923","hampden",0,2015
"1924","hancock",0,2015
"1925","haverhill",0,2015
"1926","heath",0,2015
"1927","holbrook",0.166666666666667,2015
"1928","hudson",0,2015
"1929","holyoke",0,2015
"1930","hopedale",0,2015
"1931","hopkinton",0,2015
"1932","milton",0.4,2015
"1933","medway",0,2015
"1934","lenox",0,2015
"1935","leominster",0,2015
"1936","lexington",0.125,2015
"1937","leyden",0,2015
"1938","lincoln",0.142857142857143,2015
"1939","methuen",0,2015
"1940","hinsdale",0,2015
"1941","holland",0.333333333333333,2015
"1942","holliston",0.333333333333333,2015
"1943","hingham",0.166666666666667,2015
"1944","natick",0.5,2015
"1945","manchester",0,2015
"1946","freetown",0,2015
"1947","gardner",0,2015
"1948","georgetown",0,2015
"1949","gill",0,2015
"1950","granby",0,2015
"1951","greenfield",0,2015
"1952","groton",0.125,2015
"1953","groveland",0,2015
"1954","monroe",0,2015
"1955","monson",0.2,2015
"1956","montgomery",0,2015
"1957","nahant",0,2015
"1958","lee",0,2015
"1959","hanover",0,2015
"1960","mattapoisett",0,2015
"1961","medfield",0.4,2015
"1962","medford",0.333333333333333,2015
"1963","reading",0.333333333333333,2015
"1964","new bedford",0,2015
"1965","needham",0.833333333333333,2015
"1966","new marlborough",0,2015
"1967","lowell",0,2015
"1968","halifax",0,2015
"1969","hamilton",0,2015
"1970","marblehead",0,2015
"1971","fairhaven",0,2015
"1972","fall river",0,2015
"1973","aquinnah",0,2015
"1974","goshen",0,2015
"1975","hull",0,2015
"1976","lakeville",0,2015
"1977","lancaster",0,2015
"1978","lawrence",0,2015
"1979","ludlow",0,2015
"1980","lynn",0,2015
"1981","lynnfield",0.285714285714286,2015
"1982","malden",0.333333333333333,2015
"1983","tewksbury",0,2015
"1984","shirley",0,2015
"1985","shutesbury",0,2015
"1986","somerset",0,2015
"1987","somerville",0,2015
"1988","provincetown",0,2015
"1989","randolph",0.285714285714286,2015
"1990","raynham",0,2015
"1991","norwood",0.75,2015
"1992","oak bluffs",0,2015
"1993","west springfield",0,2015
"1994","northampton",0,2015
"1995","pembroke",0,2015
"1996","pepperell",0,2015
"1997","northfield",0,2015
"1998","norwell",0.166666666666667,2015
"1999","new salem",0,2015
"2000","north adams",0,2015
"2001","north attleboro",0.25,2015
"2002","north brookfield",0,2015
"2003","northbridge",0,2015
"2004","oakham",0,2015
"2005","oxford",0,2015
"2006","palmer",0.142857142857143,2015
"2007","paxton",0,2015
"2008","pittsfield",0,2015
"2009","plainfield",0,2015
"2010","plymouth",0,2015
"2011","plympton",0,2015
"2012","rehoboth",0,2015
"2013","richmond",0,2015
"2014","rowley",0,2015
"2015","royalston",0,2015
"2016","rutland",0,2015
"2017","seekonk",0,2015
"2018","shrewsbury",0,2015
"2019","southbridge",0,2015
"2020","stockbridge",0,2015
"2021","stoneham",0.571428571428571,2015
"2022","stow",0.142857142857143,2015
"2023","shelburne",0,2015
"2024","sherborn",0.142857142857143,2015
"2025","phillipston",0,2015
"2026","new braintree",0,2015
"2027","newburyport",0,2015
"2028","uxbridge",0,2015
"2029","newton",0.142857142857143,2015
"2030","norfolk",0.285714285714286,2015
"2031","north andover",0,2015
"2032","rowe",0,2015
"2033","russell",0,2015
"2034","north reading",0.166666666666667,2015
"2035","sterling",0,2015
"2036","stoughton",0.333333333333333,2015
"2037","sturbridge",0.166666666666667,2015
"2038","sudbury",0.222222222222222,2015
"2039","sunderland",0,2015
"2040","swampscott",0,2015
"2041","warwick",0,2015
"2042","wellfleet",0,2015
"2043","peru",0,2015
"2044","middlefield",0,2015
"2045","middleton",0,2015
"2046","milford",0.166666666666667,2015
"2047","millis",0.4,2015
"2048","orange",0,2015
"2049","peabody",0,2015
"2050","pelham",0,2015
"2051","princeton",0,2015
"2052","sharon",0.428571428571429,2015
"2053","southwick",0,2015
"2054","springfield",0,2015
"2055","revere",0.142857142857143,2015
"2056","rochester",0,2015
"2057","whately",0,2015
"2058","williamstown",0,2015
"2059","rockport",0,2015
"2060","winchendon",0,2015
"2061","windsor",0,2015
"2062","worcester",0,2015
"2063","wrentham",0.2,2015
"2064","truro",0,2015
"2065","tyngsborough",0.166666666666667,2015
"2066","upton",0,2015
"2067","wakefield",0.6,2015
"2068","west tisbury",0,2015
"2069","westfield",0,2015
"2070","westminster",0,2015
"2071","sandisfield",0,2015
"2072","sandwich",0,2015
"2073","saugus",0.333333333333333,2015
"2074","savoy",0,2015
"2075","weston",0.333333333333333,2015
"2076","westwood",0.666666666666667,2015
"2077","weymouth",0.166666666666667,2015
"2078","swansea",0,2015
"2079","taunton",0,2015
"2080","west newbury",0,2015
"2081","south hadley",0,2015
"2082","southampton",0,2015
"2083","southborough",0,2015
"2084","templeton",0,2015
"2085","tisbury",0,2015
"2086","tolland",0,2015
"2087","walpole",0.714285714285714,2015
"2088","waltham",0.166666666666667,2015
"2089","warren",0.2,2015
"2090","watertown",0.2,2015
"2091","wayland",0.166666666666667,2015
"2092","webster",0,2015
"2093","wellesley",0.4,2015
"2094","wendell",0,2015
"2095","topsfield",0,2015
"2096","west stockbridge",0,2015
"2097","westborough",0,2015
"2098","westport",0,2015
"2099","wales",0.333333333333333,2015
"2100","salem",0,2015
"2101","salisbury",0,2015
"2102","wilbraham",0,2015
"2103","wilmington",0.142857142857143,2015
"2104","winthrop",0,2015
"2105","woburn",0.5,2015
"2106","worthington",0,2015
"2107","petersham",0,2016
"2108","plainville",0.25,2016
"2109","quincy",0.5,2016
"2110","rockland",0,2016
"2111","scituate",0.25,2016
"2112","spencer",0,2016
"2113","tyringham",0,2016
"2114","otis",0,2016
"2115","sheffield",0,2016
"2116","northborough",0.333333333333333,2016
"2117","westhampton",0,2016
"2118","ware",0,2016
"2119","wareham",0,2016
"2120","washington",0,2016
"2121","wenham",0.2,2016
"2122","west boylston",0,2016
"2123","west bridgewater",0.2,2016
"2124","westford",0.166666666666667,2016
"2125","whitman",0,2016
"2126","williamsburg",0.142857142857143,2016
"2127","yarmouth",0,2016
"2128","west brookfield",0,2016
"2129","winchester",0.6,2016
"2130","beverly",0.333333333333333,2016
"2131","billerica",0.142857142857143,2016
"2132","boxford",0.125,2016
"2133","boylston",0.166666666666667,2016
"2134","adams",0.166666666666667,2016
"2135","alford",0,2016
"2136","amherst",0.25,2016
"2137","ashburnham",0,2016
"2138","ashby",0,2016
"2139","auburn",0,2016
"2140","avon",0,2016
"2141","barre",0,2016
"2142","belchertown",0.142857142857143,2016
"2143","berlin",0.5,2016
"2144","bernardston",0.5,2016
"2145","blandford",0,2016
"2146","bolton",0.166666666666667,2016
"2147","bourne",0,2016
"2148","boxborough",0.25,2016
"2149","brockton",0,2016
"2150","burlington",0.4,2016
"2151","chatham",0,2016
"2152","cheshire",0,2016
"2153","chester",0,2016
"2154","clarksburg",0.333333333333333,2016
"2155","dartmouth",0,2016
"2156","dennis",0.666666666666667,2016
"2157","douglas",0,2016
"2158","ashfield",0.166666666666667,2016
"2159","acton",0.25,2016
"2160","attleboro",0,2016
"2161","barnstable",0.333333333333333,2016
"2162","blackstone",0.333333333333333,2016
"2163","boston",0.545454545454545,2016
"2164","charlton",0,2016
"2165","clinton",0,2016
"2166","cummington",0,2016
"2167","duxbury",0.5,2016
"2168","eastham",0,2016
"2169","essex",0,2016
"2170","dunstable",0,2016
"2171","everett",0.25,2016
"2172","florida",0.142857142857143,2016
"2173","granville",0,2016
"2174","great barrington",0,2016
"2175","hardwick",0,2016
"2176","hubbardston",0,2016
"2177","ipswich",0,2016
"2178","leverett",0.4,2016
"2179","mansfield",0.285714285714286,2016
"2180","mashpee",0,2016
"2181","middleborough",0.111111111111111,2016
"2182","millville",0.333333333333333,2016
"2183","nantucket",0,2016
"2184","grafton",0,2016
"2185","hawley",0.4,2016
"2186","fitchburg",0,2016
"2187","gloucester",0,2016
"2188","gosnold",0,2016
"2189","sutton",0,2016
"2190","marion",0,2016
"2191","mendon",0,2016
"2192","holden",0,2016
"2193","townsend",0,2016
"2194","new ashford",0.2,2016
"2195","newbury",0,2016
"2196","norton",0,2016
"2197","orleans",0.5,2016
"2198","dedham",0.8,2016
"2199","easthampton",0.2,2016
"2200","erving",0.333333333333333,2016
"2201","deerfield",0.5,2016
"2202","dighton",0,2016
"2203","brookfield",0.166666666666667,2016
"2204","brookline",1,2016
"2205","hadley",0.5,2016
"2206","bridgewater",0,2016
"2207","brimfield",0,2016
"2208","dracut",0.4,2016
"2209","colrain",0.6,2016
"2210","dalton",0,2016
"2211","east longmeadow",0,2016
"2212","easton",0.125,2016
"2213","edgartown",0,2016
"2214","egremont",0,2016
"2215","falmouth",0,2016
"2216","franklin",0.25,2016
"2217","foxborough",0.285714285714286,2016
"2218","chilmark",0,2016
"2219","framingham",0.857142857142857,2016
"2220","abington",0,2016
"2221","acushnet",0,2016
"2222","agawam",0,2016
"2223","amesbury",0,2016
"2224","andover",0.571428571428571,2016
"2225","arlington",0.666666666666667,2016
"2226","ashland",0.6,2016
"2227","athol",0,2016
"2228","ayer",0,2016
"2229","belmont",0.8,2016
"2230","berkley",0,2016
"2231","chicopee",0.333333333333333,2016
"2232","conway",0.285714285714286,2016
"2233","danvers",0.166666666666667,2016
"2234","huntington",0,2016
"2235","kingston",0.2,2016
"2236","lanesborough",0,2016
"2237","leicester",0,2016
"2238","littleton",0.333333333333333,2016
"2239","longmeadow",0,2016
"2240","lunenburg",0,2016
"2241","marlborough",0.666666666666667,2016
"2242","marshfield",0.5,2016
"2243","maynard",0.5,2016
"2244","melrose",0.8,2016
"2245","merrimac",0,2016
"2246","millbury",0,2016
"2247","montague",0.428571428571429,2016
"2248","monterey",0,2016
"2249","mount washington",0,2016
"2250","buckland",0.4,2016
"2251","cambridge",0.6,2016
"2252","canton",0.75,2016
"2253","carlisle",0.5,2016
"2254","cohasset",0.666666666666667,2016
"2255","concord",0.428571428571429,2016
"2256","dover",0.714285714285714,2016
"2257","dudley",0,2016
"2258","east bridgewater",0.166666666666667,2016
"2259","east brookfield",0,2016
"2260","braintree",0,2016
"2261","brewster",0,2016
"2262","becket",0,2016
"2263","bedford",0.5,2016
"2264","bellingham",0.285714285714286,2016
"2265","chelmsford",0.2,2016
"2266","chelsea",0,2016
"2267","chesterfield",0,2016
"2268","hanson",0,2016
"2269","harvard",0,2016
"2270","harwich",0.25,2016
"2271","hatfield",0,2016
"2272","carver",0.2,2016
"2273","charlemont",0.25,2016
"2274","hampden",0,2016
"2275","hancock",0.2,2016
"2276","haverhill",0.333333333333333,2016
"2277","heath",0.333333333333333,2016
"2278","holbrook",0.166666666666667,2016
"2279","hudson",0.2,2016
"2280","holyoke",0.142857142857143,2016
"2281","hopedale",0.25,2016
"2282","hopkinton",0.333333333333333,2016
"2283","milton",0.6,2016
"2284","medway",0.166666666666667,2016
"2285","lenox",0,2016
"2286","leominster",0,2016
"2287","lexington",0.625,2016
"2288","leyden",0.333333333333333,2016
"2289","lincoln",0.571428571428571,2016
"2290","methuen",0.6,2016
"2291","hinsdale",0,2016
"2292","holland",0.333333333333333,2016
"2293","holliston",0.666666666666667,2016
"2294","hingham",0.333333333333333,2016
"2295","natick",0.833333333333333,2016
"2296","manchester",0,2016
"2297","freetown",0,2016
"2298","gardner",0,2016
"2299","georgetown",0,2016
"2300","gill",0.4,2016
"2301","granby",0.4,2016
"2302","greenfield",0.428571428571429,2016
"2303","groton",0.125,2016
"2304","groveland",0,2016
"2305","monroe",0,2016
"2306","monson",0.2,2016
"2307","montgomery",0,2016
"2308","nahant",0,2016
"2309","lee",0,2016
"2310","hanover",0,2016
"2311","mattapoisett",0,2016
"2312","medfield",0.8,2016
"2313","medford",0.666666666666667,2016
"2314","reading",0.5,2016
"2315","new bedford",0,2016
"2316","needham",1,2016
"2317","new marlborough",0,2016
"2318","lowell",0,2016
"2319","halifax",0.166666666666667,2016
"2320","hamilton",0,2016
"2321","marblehead",0.5,2016
"2322","fairhaven",0,2016
"2323","fall river",0,2016
"2324","aquinnah",0,2016
"2325","goshen",0,2016
"2326","hull",0,2016
"2327","lakeville",0,2016
"2328","lancaster",0,2016
"2329","lawrence",1,2016
"2330","ludlow",0,2016
"2331","lynn",0.333333333333333,2016
"2332","lynnfield",0.428571428571429,2016
"2333","malden",0.5,2016
"2334","tewksbury",0.4,2016
"2335","shirley",0,2016
"2336","shutesbury",0.4,2016
"2337","somerset",0,2016
"2338","somerville",0.75,2016
"2339","provincetown",0,2016
"2340","randolph",0.428571428571429,2016
"2341","raynham",0.2,2016
"2342","norwood",1,2016
"2343","oak bluffs",0,2016
"2344","west springfield",0.2,2016
"2345","northampton",0.2,2016
"2346","pembroke",0.375,2016
"2347","pepperell",0,2016
"2348","northfield",0.25,2016
"2349","norwell",0.333333333333333,2016
"2350","new salem",0,2016
"2351","north adams",0.25,2016
"2352","north attleboro",0.25,2016
"2353","north brookfield",0,2016
"2354","northbridge",0.2,2016
"2355","oakham",0,2016
"2356","oxford",0,2016
"2357","palmer",0.142857142857143,2016
"2358","paxton",0,2016
"2359","pittsfield",0,2016
"2360","plainfield",0,2016
"2361","plymouth",0.4,2016
"2362","plympton",0.2,2016
"2363","rehoboth",0,2016
"2364","richmond",0,2016
"2365","rowley",0,2016
"2366","royalston",0,2016
"2367","rutland",0,2016
"2368","seekonk",0,2016
"2369","shrewsbury",0.166666666666667,2016
"2370","southbridge",0,2016
"2371","stockbridge",0,2016
"2372","stoneham",0.714285714285714,2016
"2373","stow",0.285714285714286,2016
"2374","shelburne",0.5,2016
"2375","sherborn",0.714285714285714,2016
"2376","phillipston",0,2016
"2377","new braintree",0,2016
"2378","newburyport",0,2016
"2379","uxbridge",0.2,2016
"2380","newton",0.571428571428571,2016
"2381","norfolk",0.571428571428571,2016
"2382","north andover",0.428571428571429,2016
"2383","rowe",0.25,2016
"2384","russell",0,2016
"2385","north reading",0.666666666666667,2016
"2386","sterling",0,2016
"2387","stoughton",0.333333333333333,2016
"2388","sturbridge",0.166666666666667,2016
"2389","sudbury",0.777777777777778,2016
"2390","sunderland",0.571428571428571,2016
"2391","swampscott",0.333333333333333,2016
"2392","warwick",0,2016
"2393","wellfleet",0.5,2016
"2394","peru",0,2016
"2395","middlefield",0,2016
"2396","middleton",0.285714285714286,2016
"2397","milford",0.166666666666667,2016
"2398","millis",0.4,2016
"2399","orange",0,2016
"2400","peabody",0.4,2016
"2401","pelham",0.25,2016
"2402","princeton",0,2016
"2403","sharon",0.571428571428571,2016
"2404","southwick",0,2016
"2405","springfield",0,2016
"2406","revere",0.571428571428571,2016
"2407","rochester",0,2016
"2408","whately",0.166666666666667,2016
"2409","williamstown",0,2016
"2410","rockport",0,2016
"2411","winchendon",0,2016
"2412","windsor",0,2016
"2413","worcester",0,2016
"2414","wrentham",0.2,2016
"2415","truro",0,2016
"2416","tyngsborough",0.166666666666667,2016
"2417","upton",0.142857142857143,2016
"2418","wakefield",0.8,2016
"2419","west tisbury",0,2016
"2420","westfield",0.125,2016
"2421","westminster",0,2016
"2422","sandisfield",0,2016
"2423","sandwich",0,2016
"2424","saugus",0.5,2016
"2425","savoy",0.142857142857143,2016
"2426","weston",1,2016
"2427","westwood",0.833333333333333,2016
"2428","weymouth",0.166666666666667,2016
"2429","swansea",0,2016
"2430","taunton",0,2016
"2431","west newbury",0,2016
"2432","south hadley",0.4,2016
"2433","southampton",0.166666666666667,2016
"2434","southborough",0.666666666666667,2016
"2435","templeton",0,2016
"2436","tisbury",0,2016
"2437","tolland",0,2016
"2438","walpole",0.714285714285714,2016
"2439","waltham",0.666666666666667,2016
"2440","warren",0.2,2016
"2441","watertown",1,2016
"2442","wayland",0.666666666666667,2016
"2443","webster",0,2016
"2444","wellesley",0.6,2016
"2445","wendell",0.333333333333333,2016
"2446","topsfield",0.166666666666667,2016
"2447","west stockbridge",0,2016
"2448","westborough",0.333333333333333,2016
"2449","westport",0,2016
"2450","wales",0.333333333333333,2016
"2451","salem",0.2,2016
"2452","salisbury",0,2016
"2453","wilbraham",0,2016
"2454","wilmington",0.285714285714286,2016
"2455","winthrop",0.5,2016
"2456","woburn",0.833333333333333,2016
"2457","worthington",0,2016
"2458","petersham",0,2017
"2459","plainville",0.75,2017
"2460","quincy",0.75,2017
"2461","rockland",0.428571428571429,2017
"2462","scituate",0.75,2017
"2463","spencer",0,2017
"2464","tyringham",0.4,2017
"2465","otis",0,2017
"2466","sheffield",0.5,2017
"2467","northborough",0.333333333333333,2017
"2468","westhampton",0.333333333333333,2017
"2469","ware",0,2017
"2470","wareham",0.333333333333333,2017
"2471","washington",0.375,2017
"2472","wenham",0.6,2017
"2473","west boylston",0.2,2017
"2474","west bridgewater",0.6,2017
"2475","westford",0.5,2017
"2476","whitman",0.2,2017
"2477","williamsburg",0.428571428571429,2017
"2478","yarmouth",0,2017
"2479","west brookfield",0,2017
"2480","winchester",0.8,2017
"2481","beverly",0.333333333333333,2017
"2482","billerica",0.571428571428571,2017
"2483","boxford",0.375,2017
"2484","boylston",0.166666666666667,2017
"2485","adams",0.333333333333333,2017
"2486","alford",0.666666666666667,2017
"2487","amherst",0.5,2017
"2488","ashburnham",0,2017
"2489","ashby",0.25,2017
"2490","auburn",0.25,2017
"2491","avon",1,2017
"2492","barre",0,2017
"2493","belchertown",0.142857142857143,2017
"2494","berlin",0.5,2017
"2495","bernardston",0.5,2017
"2496","blandford",0,2017
"2497","bolton",0.166666666666667,2017
"2498","bourne",0.5,2017
"2499","boxborough",0.25,2017
"2500","brockton",0.5,2017
"2501","burlington",0.4,2017
"2502","chatham",0.5,2017
"2503","cheshire",0.166666666666667,2017
"2504","chester",0,2017
"2505","clarksburg",0.666666666666667,2017
"2506","dartmouth",0,2017
"2507","dennis",0.666666666666667,2017
"2508","douglas",0,2017
"2509","ashfield",0.166666666666667,2017
"2510","acton",0.375,2017
"2511","attleboro",0.4,2017
"2512","barnstable",0.666666666666667,2017
"2513","blackstone",0.333333333333333,2017
"2514","boston",0.727272727272727,2017
"2515","charlton",0,2017
"2516","clinton",0,2017
"2517","cummington",0,2017
"2518","duxbury",0.5,2017
"2519","eastham",0.5,2017
"2520","essex",0.5,2017
"2521","dunstable",0.333333333333333,2017
"2522","everett",0.75,2017
"2523","florida",0.428571428571429,2017
"2524","granville",0.4,2017
"2525","great barrington",0.333333333333333,2017
"2526","hardwick",0,2017
"2527","hubbardston",0,2017
"2528","ipswich",0.666666666666667,2017
"2529","leverett",0.6,2017
"2530","mansfield",0.857142857142857,2017
"2531","mashpee",0.333333333333333,2017
"2532","middleborough",0.444444444444444,2017
"2533","millville",0.666666666666667,2017
"2534","nantucket",0,2017
"2535","grafton",0.142857142857143,2017
"2536","hawley",0.4,2017
"2537","fitchburg",0,2017
"2538","gloucester",0.5,2017
"2539","gosnold",0,2017
"2540","sutton",0.166666666666667,2017
"2541","marion",0.333333333333333,2017
"2542","mendon",0.285714285714286,2017
"2543","holden",0.166666666666667,2017
"2544","townsend",0,2017
"2545","new ashford",0.4,2017
"2546","newbury",0,2017
"2547","norton",0.6,2017
"2548","orleans",0.5,2017
"2549","dedham",0.8,2017
"2550","easthampton",0.8,2017
"2551","erving",0.333333333333333,2017
"2552","deerfield",0.833333333333333,2017
"2553","dighton",0,2017
"2554","brookfield",0.166666666666667,2017
"2555","brookline",1,2017
"2556","hadley",0.875,2017
"2557","bridgewater",0.2,2017
"2558","brimfield",0,2017
"2559","dracut",1,2017
"2560","colrain",0.6,2017
"2561","dalton",0.166666666666667,2017
"2562","east longmeadow",0,2017
"2563","easton",0.5,2017
"2564","edgartown",0,2017
"2565","egremont",0.25,2017
"2566","falmouth",0.333333333333333,2017
"2567","franklin",0.5,2017
"2568","foxborough",0.857142857142857,2017
"2569","chilmark",0,2017
"2570","framingham",0.857142857142857,2017
"2571","abington",0.6,2017
"2572","acushnet",0,2017
"2573","agawam",0.4,2017
"2574","amesbury",0,2017
"2575","andover",0.857142857142857,2017
"2576","arlington",1,2017
"2577","ashland",0.6,2017
"2578","athol",0,2017
"2579","ayer",0,2017
"2580","belmont",1,2017
"2581","berkley",0,2017
"2582","chicopee",0.333333333333333,2017
"2583","conway",0.428571428571429,2017
"2584","danvers",0.666666666666667,2017
"2585","huntington",0.125,2017
"2586","kingston",0.4,2017
"2587","lanesborough",0.2,2017
"2588","leicester",0.166666666666667,2017
"2589","littleton",0.333333333333333,2017
"2590","longmeadow",0,2017
"2591","lunenburg",0.166666666666667,2017
"2592","marlborough",0.666666666666667,2017
"2593","marshfield",0.75,2017
"2594","maynard",0.5,2017
"2595","melrose",0.8,2017
"2596","merrimac",0,2017
"2597","millbury",0.4,2017
"2598","montague",0.571428571428571,2017
"2599","monterey",0.2,2017
"2600","mount washington",0.5,2017
"2601","buckland",0.4,2017
"2602","cambridge",1,2017
"2603","canton",1,2017
"2604","carlisle",0.666666666666667,2017
"2605","cohasset",0.666666666666667,2017
"2606","concord",0.571428571428571,2017
"2607","dover",0.857142857142857,2017
"2608","dudley",0,2017
"2609","east bridgewater",0.666666666666667,2017
"2610","east brookfield",0,2017
"2611","braintree",0.5,2017
"2612","brewster",0.333333333333333,2017
"2613","becket",0.142857142857143,2017
"2614","bedford",0.5,2017
"2615","bellingham",0.857142857142857,2017
"2616","chelmsford",0.6,2017
"2617","chelsea",0,2017
"2618","chesterfield",0,2017
"2619","hanson",0.5,2017
"2620","harvard",0,2017
"2621","harwich",0.5,2017
"2622","hatfield",0.8,2017
"2623","carver",0.4,2017
"2624","charlemont",0.25,2017
"2625","hampden",0,2017
"2626","hancock",0.4,2017
"2627","haverhill",0.333333333333333,2017
"2628","heath",0.333333333333333,2017
"2629","holbrook",0.5,2017
"2630","hudson",0.2,2017
"2631","holyoke",0.571428571428571,2017
"2632","hopedale",0.5,2017
"2633","hopkinton",0.5,2017
"2634","milton",0.8,2017
"2635","medway",0.666666666666667,2017
"2636","lenox",0.6,2017
"2637","leominster",0,2017
"2638","lexington",0.625,2017
"2639","leyden",0.333333333333333,2017
"2640","lincoln",0.714285714285714,2017
"2641","methuen",0.6,2017
"2642","hinsdale",0,2017
"2643","holland",0.333333333333333,2017
"2644","holliston",0.833333333333333,2017
"2645","hingham",0.666666666666667,2017
"2646","natick",1,2017
"2647","manchester",0.6,2017
"2648","freetown",0,2017
"2649","gardner",0,2017
"2650","georgetown",0,2017
"2651","gill",0.4,2017
"2652","granby",0.4,2017
"2653","greenfield",0.428571428571429,2017
"2654","groton",0.375,2017
"2655","groveland",0,2017
"2656","monroe",0,2017
"2657","monson",0.2,2017
"2658","montgomery",0.5,2017
"2659","nahant",0,2017
"2660","lee",0.5,2017
"2661","hanover",0.25,2017
"2662","mattapoisett",0.25,2017
"2663","medfield",1,2017
"2664","medford",0.833333333333333,2017
"2665","reading",0.666666666666667,2017
"2666","new bedford",0,2017
"2667","needham",1,2017
"2668","new marlborough",0.25,2017
"2669","lowell",0.6,2017
"2670","halifax",0.166666666666667,2017
"2671","hamilton",0.4,2017
"2672","marblehead",1,2017
"2673","fairhaven",0,2017
"2674","fall river",0,2017
"2675","aquinnah",0,2017
"2676","goshen",0,2017
"2677","hull",0.5,2017
"2678","lakeville",0,2017
"2679","lancaster",0,2017
"2680","lawrence",1,2017
"2681","ludlow",0,2017
"2682","lynn",0.666666666666667,2017
"2683","lynnfield",0.857142857142857,2017
"2684","malden",0.666666666666667,2017
"2685","tewksbury",0.6,2017
"2686","shirley",0.166666666666667,2017
"2687","shutesbury",0.4,2017
"2688","somerset",0,2017
"2689","somerville",1,2017
"2690","provincetown",0,2017
"2691","randolph",0.714285714285714,2017
"2692","raynham",0.4,2017
"2693","norwood",1,2017
"2694","oak bluffs",0,2017
"2695","west springfield",0.4,2017
"2696","northampton",0.4,2017
"2697","pembroke",0.75,2017
"2698","pepperell",0.333333333333333,2017
"2699","northfield",0.25,2017
"2700","norwell",0.5,2017
"2701","new salem",0,2017
"2702","north adams",0.5,2017
"2703","north attleboro",1,2017
"2704","north brookfield",0,2017
"2705","northbridge",0.4,2017
"2706","oakham",0,2017
"2707","oxford",0,2017
"2708","palmer",0.142857142857143,2017
"2709","paxton",0.166666666666667,2017
"2710","pittsfield",0.166666666666667,2017
"2711","plainfield",0,2017
"2712","plymouth",0.8,2017
"2713","plympton",0.6,2017
"2714","rehoboth",0.166666666666667,2017
"2715","richmond",0.6,2017
"2716","rowley",0,2017
"2717","royalston",0,2017
"2718","rutland",0,2017
"2719","seekonk",0.333333333333333,2017
"2720","shrewsbury",0.5,2017
"2721","southbridge",0,2017
"2722","stockbridge",0.6,2017
"2723","stoneham",0.857142857142857,2017
"2724","stow",0.428571428571429,2017
"2725","shelburne",0.5,2017
"2726","sherborn",0.857142857142857,2017
"2727","phillipston",0,2017
"2728","new braintree",0,2017
"2729","newburyport",0,2017
"2730","uxbridge",0.2,2017
"2731","newton",0.857142857142857,2017
"2732","norfolk",0.857142857142857,2017
"2733","north andover",0.714285714285714,2017
"2734","rowe",0.25,2017
"2735","russell",0.2,2017
"2736","north reading",0.833333333333333,2017
"2737","sterling",0,2017
"2738","stoughton",0.833333333333333,2017
"2739","sturbridge",0.166666666666667,2017
"2740","sudbury",0.888888888888889,2017
"2741","sunderland",0.857142857142857,2017
"2742","swampscott",0.666666666666667,2017
"2743","warwick",0,2017
"2744","wellfleet",0.5,2017
"2745","peru",0,2017
"2746","middlefield",0,2017
"2747","middleton",0.714285714285714,2017
"2748","milford",0.333333333333333,2017
"2749","millis",0.8,2017
"2750","orange",0,2017
"2751","peabody",0.6,2017
"2752","pelham",0.25,2017
"2753","princeton",0,2017
"2754","sharon",1,2017
"2755","southwick",0.333333333333333,2017
"2756","springfield",0,2017
"2757","revere",0.714285714285714,2017
"2758","rochester",0.285714285714286,2017
"2759","whately",0.5,2017
"2760","williamstown",0.4,2017
"2761","rockport",1,2017
"2762","winchendon",0,2017
"2763","windsor",0,2017
"2764","worcester",0.125,2017
"2765","wrentham",0.8,2017
"2766","truro",0.5,2017
"2767","tyngsborough",0.5,2017
"2768","upton",0.571428571428571,2017
"2769","wakefield",0.8,2017
"2770","west tisbury",0,2017
"2771","westfield",0.375,2017
"2772","westminster",0,2017
"2773","sandisfield",0,2017
"2774","sandwich",0.5,2017
"2775","saugus",0.5,2017
"2776","savoy",0.285714285714286,2017
"2777","weston",1,2017
"2778","westwood",0.833333333333333,2017
"2779","weymouth",0.333333333333333,2017
"2780","swansea",0,2017
"2781","taunton",0.125,2017
"2782","west newbury",0,2017
"2783","south hadley",0.6,2017
"2784","southampton",0.333333333333333,2017
"2785","southborough",0.666666666666667,2017
"2786","templeton",0,2017
"2787","tisbury",0,2017
"2788","tolland",0,2017
"2789","walpole",1,2017
"2790","waltham",1,2017
"2791","warren",0.2,2017
"2792","watertown",1,2017
"2793","wayland",0.833333333333333,2017
"2794","webster",0,2017
"2795","wellesley",0.8,2017
"2796","wendell",0.333333333333333,2017
"2797","topsfield",0.5,2017
"2798","west stockbridge",0.5,2017
"2799","westborough",0.5,2017
"2800","westport",0,2017
"2801","wales",0.333333333333333,2017
"2802","salem",0.8,2017
"2803","salisbury",0,2017
"2804","wilbraham",0,2017
"2805","wilmington",0.571428571428571,2017
"2806","winthrop",0.5,2017
"2807","woburn",0.833333333333333,2017
"2808","worthington",0,2017
